233_monhab_gopro_cut_day1DLC_resnet50_goprovrJul24shuffle1_1030000.h5;eating;0;11575
233_monhab_gopro_cut_day1DLC_resnet50_goprovrJul24shuffle1_1030000.h5;standing;11575;11684
233_monhab_gopro_cut_day1DLC_resnet50_goprovrJul24shuffle1_1030000.h5;eating;11684;12454
233_monhab_gopro_cut_day1DLC_resnet50_goprovrJul24shuffle1_1030000.h5;standing;12454;13077
233_monhab_gopro_cut_day1DLC_resnet50_goprovrJul24shuffle1_1030000.h5;eating;13077;14071
233_monhab_gopro_cut_day1DLC_resnet50_goprovrJul24shuffle1_1030000.h5;standing;14071;14151
233_monhab_gopro_cut_day1DLC_resnet50_goprovrJul24shuffle1_1030000.h5;eating;14151;18691
233_monhab_gopro_cut_day1DLC_resnet50_goprovrJul24shuffle1_1030000.h5;standing;18691;18966
233_monhab_gopro_cut_day1DLC_resnet50_goprovrJul24shuffle1_1030000.h5;eating;18966;25351
233_monhab_gopro_cut_day1DLC_resnet50_goprovrJul24shuffle1_1030000.h5;standing;25351;25542
233_monhab_gopro_cut_day1DLC_resnet50_goprovrJul24shuffle1_1030000.h5;eating;25543;28572
233_monhab_gopro_cut_day1DLC_resnet50_goprovrJul24shuffle1_1030000.h5;standing;28573;28617
233_monhab_gopro_cut_day1DLC_resnet50_goprovrJul24shuffle1_1030000.h5;eating;28618;29720
233_monhab_gopro_cut_day1DLC_resnet50_goprovrJul24shuffle1_1030000.h5;standing;29721;30476
233_monhab_gopro_cut_day1DLC_resnet50_goprovrJul24shuffle1_1030000.h5;eating;30476;31673
233_monhab_gopro_cut_day1DLC_resnet50_goprovrJul24shuffle1_1030000.h5;standing;31673;31914
233_monhab_gopro_cut_day1DLC_resnet50_goprovrJul24shuffle1_1030000.h5;eating;31914;34942
233_monhab_gopro_cut_day1DLC_resnet50_goprovrJul24shuffle1_1030000.h5;standing;34942;35027
233_monhab_gopro_cut_day1DLC_resnet50_goprovrJul24shuffle1_1030000.h5;eating;35028;36751
233_monhab_gopro_cut_day1DLC_resnet50_goprovrJul24shuffle1_1030000.h5;standing;36752;36965
233_monhab_gopro_cut_day1DLC_resnet50_goprovrJul24shuffle1_1030000.h5;eating;36966;38691
233_monhab_gopro_cut_day1DLC_resnet50_goprovrJul24shuffle1_1030000.h5;standing;38691;38828
233_monhab_gopro_cut_day1DLC_resnet50_goprovrJul24shuffle1_1030000.h5;eating;38828;40184
233_monhab_gopro_cut_day1DLC_resnet50_goprovrJul24shuffle1_1030000.h5;standing;40184;40236
233_monhab_gopro_cut_day1DLC_resnet50_goprovrJul24shuffle1_1030000.h5;standing;40248;40388
233_monhab_gopro_cut_day1DLC_resnet50_goprovrJul24shuffle1_1030000.h5;eating;40389;40674
233_monhab_gopro_cut_day1DLC_resnet50_goprovrJul24shuffle1_1030000.h5;standing;40675;40749
233_monhab_gopro_cut_day1DLC_resnet50_goprovrJul24shuffle1_1030000.h5;walking;40749;40965
233_monhab_gopro_cut_day1DLC_resnet50_goprovrJul24shuffle1_1030000.h5;standing;40965;41655
233_monhab_gopro_cut_day1DLC_resnet50_goprovrJul24shuffle1_1030000.h5;walking;41655;41728
233_monhab_gopro_cut_day1DLC_resnet50_goprovrJul24shuffle1_1030000.h5;eating;41728;42045
233_monhab_gopro_cut_day1DLC_resnet50_goprovrJul24shuffle1_1030000.h5;standing;42045;42165
233_monhab_gopro_cut_day1DLC_resnet50_goprovrJul24shuffle1_1030000.h5;eating;42165;42590
233_monhab_gopro_cut_day1DLC_resnet50_goprovrJul24shuffle1_1030000.h5;standing;42590;43125
233_monhab_gopro_cut_day1DLC_resnet50_goprovrJul24shuffle1_1030000.h5;walking;43125;43294
233_monhab_gopro_cut_day1DLC_resnet50_goprovrJul24shuffle1_1030000.h5;standing;43294;44471
233_monhab_gopro_cut_day1DLC_resnet50_goprovrJul24shuffle1_1030000.h5;standing;44499;45499
233_monhab_gopro_cut_day1DLC_resnet50_goprovrJul24shuffle1_1030000.h5;walking;45499;45942
233_monhab_gopro_cut_day1DLC_resnet50_goprovrJul24shuffle1_1030000.h5;standing;45942;46139
233_monhab_gopro_cut_day1DLC_resnet50_goprovrJul24shuffle1_1030000.h5;standing;46165;46467
233_monhab_gopro_cut_day1DLC_resnet50_goprovrJul24shuffle1_1030000.h5;standing;46539;46932
233_monhab_gopro_cut_day1DLC_resnet50_goprovrJul24shuffle1_1030000.h5;walking;46932;47015
233_monhab_gopro_cut_day1DLC_resnet50_goprovrJul24shuffle1_1030000.h5;standing;47015;47118
233_monhab_gopro_cut_day1DLC_resnet50_goprovrJul24shuffle1_1030000.h5;standing;47173;47340
233_monhab_gopro_cut_day1DLC_resnet50_goprovrJul24shuffle1_1030000.h5;walking;47340;47362
233_monhab_gopro_cut_day1DLC_resnet50_goprovrJul24shuffle1_1030000.h5;eating;47362;47601
233_monhab_gopro_cut_day1DLC_resnet50_goprovrJul24shuffle1_1030000.h5;standing;47601;47661
233_monhab_gopro_cut_day1DLC_resnet50_goprovrJul24shuffle1_1030000.h5;walking;47661;47861
233_monhab_gopro_cut_day1DLC_resnet50_goprovrJul24shuffle1_1030000.h5;standing;47861;51882
233_monhab_gopro_cut_day1DLC_resnet50_goprovrJul24shuffle1_1030000.h5;standing;51900;56993
233_monhab_gopro_cut_day1DLC_resnet50_goprovrJul24shuffle1_1030000.h5;walking;56993;57073
233_monhab_gopro_cut_day1DLC_resnet50_goprovrJul24shuffle1_1030000.h5;standing;57073;57218
233_monhab_gopro_cut_day1DLC_resnet50_goprovrJul24shuffle1_1030000.h5;standing;57308;57406
233_monhab_gopro_cut_day1DLC_resnet50_goprovrJul24shuffle1_1030000.h5;standing;57463;57626
233_monhab_gopro_cut_day1DLC_resnet50_goprovrJul24shuffle1_1030000.h5;walking;57626;57736
233_monhab_gopro_cut_day1DLC_resnet50_goprovrJul24shuffle1_1030000.h5;eating;57736;57894
233_monhab_gopro_cut_day1DLC_resnet50_goprovrJul24shuffle1_1030000.h5;standing;57894;58356
233_monhab_gopro_cut_day1DLC_resnet50_goprovrJul24shuffle1_1030000.h5;walking;58356;58510
233_monhab_gopro_cut_day1DLC_resnet50_goprovrJul24shuffle1_1030000.h5;eating;58510;60964
233_monhab_gopro_cut_day1DLC_resnet50_goprovrJul24shuffle1_1030000.h5;standing;60964;61675
233_monhab_gopro_cut_day1DLC_resnet50_goprovrJul24shuffle1_1030000.h5;eating;61675;62288
233_monhab_gopro_cut_day1DLC_resnet50_goprovrJul24shuffle1_1030000.h5;walking;62288;62396
233_monhab_gopro_cut_day1DLC_resnet50_goprovrJul24shuffle1_1030000.h5;standing;62396;62752
233_monhab_gopro_cut_day1DLC_resnet50_goprovrJul24shuffle1_1030000.h5;walking;62752;63238
233_monhab_gopro_cut_day1DLC_resnet50_goprovrJul24shuffle1_1030000.h5;standing;63438;63488
233_monhab_gopro_cut_day1DLC_resnet50_goprovrJul24shuffle1_1030000.h5;walking;63488;63931
233_monhab_gopro_cut_day1DLC_resnet50_goprovrJul24shuffle1_1030000.h5;standing;63931;64165
233_monhab_gopro_cut_day1DLC_resnet50_goprovrJul24shuffle1_1030000.h5;eating;64165;64714
233_monhab_gopro_cut_day1DLC_resnet50_goprovrJul24shuffle1_1030000.h5;standing;64714;65524
233_monhab_gopro_cut_day1DLC_resnet50_goprovrJul24shuffle1_1030000.h5;walking;65524;65643
233_monhab_gopro_cut_day1DLC_resnet50_goprovrJul24shuffle1_1030000.h5;walking;66316;66635
233_monhab_gopro_cut_day1DLC_resnet50_goprovrJul24shuffle1_1030000.h5;standing;66686;66911
233_monhab_gopro_cut_day1DLC_resnet50_goprovrJul24shuffle1_1030000.h5;walking;66911;67468
233_monhab_gopro_cut_day1DLC_resnet50_goprovrJul24shuffle1_1030000.h5;eating;67468;68476
233_monhab_gopro_cut_day1DLC_resnet50_goprovrJul24shuffle1_1030000.h5;standing;68476;69666
233_monhab_gopro_cut_day1DLC_resnet50_goprovrJul24shuffle1_1030000.h5;standing;70453;70559
233_monhab_gopro_cut_day1DLC_resnet50_goprovrJul24shuffle1_1030000.h5;standing;70636;70666
233_monhab_gopro_cut_day1DLC_resnet50_goprovrJul24shuffle1_1030000.h5;standing;70714;70761
233_monhab_gopro_cut_day1DLC_resnet50_goprovrJul24shuffle1_1030000.h5;standing;70893;71238
233_monhab_gopro_cut_day1DLC_resnet50_goprovrJul24shuffle1_1030000.h5;walking;71238;71393
233_control2_gopro_cut_day3DLC_resnet50_goprovrJul24shuffle1_1030000.h5;standing;0;145
233_control2_gopro_cut_day3DLC_resnet50_goprovrJul24shuffle1_1030000.h5;eating;202;
233_control2_gopro_cut_day3DLC_resnet50_goprovrJul24shuffle1_1030000.h5;standing;407;498
233_control2_gopro_cut_day3DLC_resnet50_goprovrJul24shuffle1_1030000.h5;eating;498;1759
233_control2_gopro_cut_day3DLC_resnet50_goprovrJul24shuffle1_1030000.h5;standing;1759;3008
233_control2_gopro_cut_day3DLC_resnet50_goprovrJul24shuffle1_1030000.h5;standing;3208;3266
233_control2_gopro_cut_day3DLC_resnet50_goprovrJul24shuffle1_1030000.h5;eating;3266;6654
233_control2_gopro_cut_day3DLC_resnet50_goprovrJul24shuffle1_1030000.h5;standing;6654;6690
233_control2_gopro_cut_day3DLC_resnet50_goprovrJul24shuffle1_1030000.h5;eating;6690;7054
233_control2_gopro_cut_day3DLC_resnet50_goprovrJul24shuffle1_1030000.h5;standing;7054;7090
233_control2_gopro_cut_day3DLC_resnet50_goprovrJul24shuffle1_1030000.h5;eating;7090;8181
233_control2_gopro_cut_day3DLC_resnet50_goprovrJul24shuffle1_1030000.h5;standing;8181;8475
233_control2_gopro_cut_day3DLC_resnet50_goprovrJul24shuffle1_1030000.h5;eating;8474;10755
233_control2_gopro_cut_day3DLC_resnet50_goprovrJul24shuffle1_1030000.h5;standing;10755;10777
233_control2_gopro_cut_day3DLC_resnet50_goprovrJul24shuffle1_1030000.h5;standing;10809;11155
233_control2_gopro_cut_day3DLC_resnet50_goprovrJul24shuffle1_1030000.h5;eating;11155;12544
233_control2_gopro_cut_day3DLC_resnet50_goprovrJul24shuffle1_1030000.h5;standing;12544;12654
233_control2_gopro_cut_day3DLC_resnet50_goprovrJul24shuffle1_1030000.h5;eating;12654;13204
233_control2_gopro_cut_day3DLC_resnet50_goprovrJul24shuffle1_1030000.h5;standing;13204;13255
233_control2_gopro_cut_day3DLC_resnet50_goprovrJul24shuffle1_1030000.h5;eating;13255;14997
233_control2_gopro_cut_day3DLC_resnet50_goprovrJul24shuffle1_1030000.h5;standing;14997;15101
233_control2_gopro_cut_day3DLC_resnet50_goprovrJul24shuffle1_1030000.h5;eating;15101;15881
233_control2_gopro_cut_day3DLC_resnet50_goprovrJul24shuffle1_1030000.h5;standing;15881;16028
233_control2_gopro_cut_day3DLC_resnet50_goprovrJul24shuffle1_1030000.h5;eating;16028;17107
233_control2_gopro_cut_day3DLC_resnet50_goprovrJul24shuffle1_1030000.h5;standing;17107;17265
233_control2_gopro_cut_day3DLC_resnet50_goprovrJul24shuffle1_1030000.h5;eating;17265;18684
233_control2_gopro_cut_day3DLC_resnet50_goprovrJul24shuffle1_1030000.h5;standing;18684;18865
233_control2_gopro_cut_day3DLC_resnet50_goprovrJul24shuffle1_1030000.h5;eating;18865;20245
233_control2_gopro_cut_day3DLC_resnet50_goprovrJul24shuffle1_1030000.h5;standing;20245;20747
233_control2_gopro_cut_day3DLC_resnet50_goprovrJul24shuffle1_1030000.h5;eating;20747;22763
233_control2_gopro_cut_day3DLC_resnet50_goprovrJul24shuffle1_1030000.h5;standing;22763;23039
233_control2_gopro_cut_day3DLC_resnet50_goprovrJul24shuffle1_1030000.h5;eating;23039;24220
233_control2_gopro_cut_day3DLC_resnet50_goprovrJul24shuffle1_1030000.h5;standing;24220;24551
233_control2_gopro_cut_day3DLC_resnet50_goprovrJul24shuffle1_1030000.h5;eating;24551;26022
233_control2_gopro_cut_day3DLC_resnet50_goprovrJul24shuffle1_1030000.h5;standing;26022;26333
233_control2_gopro_cut_day3DLC_resnet50_goprovrJul24shuffle1_1030000.h5;eating;26333;28172
233_control2_gopro_cut_day3DLC_resnet50_goprovrJul24shuffle1_1030000.h5;standing;28172;28373
233_control2_gopro_cut_day3DLC_resnet50_goprovrJul24shuffle1_1030000.h5;eating;28373;29429
233_control2_gopro_cut_day3DLC_resnet50_goprovrJul24shuffle1_1030000.h5;standing;29429;29654
233_control2_gopro_cut_day3DLC_resnet50_goprovrJul24shuffle1_1030000.h5;standing;30227;30277
233_control2_gopro_cut_day3DLC_resnet50_goprovrJul24shuffle1_1030000.h5;standing;30413;31315
233_control2_gopro_cut_day3DLC_resnet50_goprovrJul24shuffle1_1030000.h5;standing;31348;36070
233_control2_gopro_cut_day3DLC_resnet50_goprovrJul24shuffle1_1030000.h5;eating;36070;36364
233_control2_gopro_cut_day3DLC_resnet50_goprovrJul24shuffle1_1030000.h5;standing;36392;39452
233_control2_gopro_cut_day3DLC_resnet50_goprovrJul24shuffle1_1030000.h5;standing;39585;40865
233_control2_gopro_cut_day3DLC_resnet50_goprovrJul24shuffle1_1030000.h5;eating;40865;40905
233_control2_gopro_cut_day3DLC_resnet50_goprovrJul24shuffle1_1030000.h5;standing;40905;58841
233_control2_gopro_cut_day3DLC_resnet50_goprovrJul24shuffle1_1030000.h5;eating;58841;59805
233_control2_gopro_cut_day3DLC_resnet50_goprovrJul24shuffle1_1030000.h5;standing;59805;59906
233_control2_gopro_cut_day3DLC_resnet50_goprovrJul24shuffle1_1030000.h5;standing;60031;60903
233_control2_gopro_cut_day3DLC_resnet50_goprovrJul24shuffle1_1030000.h5;eating;60903;61708
233_control2_gopro_cut_day3DLC_resnet50_goprovrJul24shuffle1_1030000.h5;standing;61709;71926
877_1000ms_gopro_cut_day2DLC_resnet50_goprovrJul24shuffle1_1030000.h5;eating;0;1088
877_1000ms_gopro_cut_day2DLC_resnet50_goprovrJul24shuffle1_1030000.h5;standing;1088;1227
877_1000ms_gopro_cut_day2DLC_resnet50_goprovrJul24shuffle1_1030000.h5;eating;1227;14850
877_1000ms_gopro_cut_day2DLC_resnet50_goprovrJul24shuffle1_1030000.h5;standing;14850;15213
877_1000ms_gopro_cut_day2DLC_resnet50_goprovrJul24shuffle1_1030000.h5;eating;15213;20864
877_1000ms_gopro_cut_day2DLC_resnet50_goprovrJul24shuffle1_1030000.h5;standing;20864;21055
877_1000ms_gopro_cut_day2DLC_resnet50_goprovrJul24shuffle1_1030000.h5;eating;21055;23454
877_1000ms_gopro_cut_day2DLC_resnet50_goprovrJul24shuffle1_1030000.h5;standing;23454;23685
877_1000ms_gopro_cut_day2DLC_resnet50_goprovrJul24shuffle1_1030000.h5;standing;23720;24209
877_1000ms_gopro_cut_day2DLC_resnet50_goprovrJul24shuffle1_1030000.h5;standing;24283;24383
877_1000ms_gopro_cut_day2DLC_resnet50_goprovrJul24shuffle1_1030000.h5;walking;24383;24884
877_1000ms_gopro_cut_day2DLC_resnet50_goprovrJul24shuffle1_1030000.h5;standing;24884;25578
877_1000ms_gopro_cut_day2DLC_resnet50_goprovrJul24shuffle1_1030000.h5;standing;25646;25828
877_1000ms_gopro_cut_day2DLC_resnet50_goprovrJul24shuffle1_1030000.h5;walking;25828;26255
877_1000ms_gopro_cut_day2DLC_resnet50_goprovrJul24shuffle1_1030000.h5;standing;26255;26380
877_1000ms_gopro_cut_day2DLC_resnet50_goprovrJul24shuffle1_1030000.h5;walking;26380;26447
877_1000ms_gopro_cut_day2DLC_resnet50_goprovrJul24shuffle1_1030000.h5;eating;26447;26500
877_1000ms_gopro_cut_day2DLC_resnet50_goprovrJul24shuffle1_1030000.h5;standing;26500;26747
877_1000ms_gopro_cut_day2DLC_resnet50_goprovrJul24shuffle1_1030000.h5;eating;26747;27860
877_1000ms_gopro_cut_day2DLC_resnet50_goprovrJul24shuffle1_1030000.h5;standing;27860;27999
877_1000ms_gopro_cut_day2DLC_resnet50_goprovrJul24shuffle1_1030000.h5;walking;27999;28260
877_1000ms_gopro_cut_day2DLC_resnet50_goprovrJul24shuffle1_1030000.h5;standing;28260;29070
877_1000ms_gopro_cut_day2DLC_resnet50_goprovrJul24shuffle1_1030000.h5;standing;29155;29445
877_1000ms_gopro_cut_day2DLC_resnet50_goprovrJul24shuffle1_1030000.h5;standing;29705;29860
877_1000ms_gopro_cut_day2DLC_resnet50_goprovrJul24shuffle1_1030000.h5;walking;29860;29943
877_1000ms_gopro_cut_day2DLC_resnet50_goprovrJul24shuffle1_1030000.h5;standing;29943;30200
877_1000ms_gopro_cut_day2DLC_resnet50_goprovrJul24shuffle1_1030000.h5;standing;30507;31114
877_1000ms_gopro_cut_day2DLC_resnet50_goprovrJul24shuffle1_1030000.h5;standing;31180;31460
877_1000ms_gopro_cut_day2DLC_resnet50_goprovrJul24shuffle1_1030000.h5;walking;31460;31676
877_1000ms_gopro_cut_day2DLC_resnet50_goprovrJul24shuffle1_1030000.h5;eating;31676;31755
877_1000ms_gopro_cut_day2DLC_resnet50_goprovrJul24shuffle1_1030000.h5;standing;31755;33140
877_1000ms_gopro_cut_day2DLC_resnet50_goprovrJul24shuffle1_1030000.h5;walking;33140;33318
877_1000ms_gopro_cut_day2DLC_resnet50_goprovrJul24shuffle1_1030000.h5;standing;33318;33523
877_1000ms_gopro_cut_day2DLC_resnet50_goprovrJul24shuffle1_1030000.h5;walking;33523;34100
877_1000ms_gopro_cut_day2DLC_resnet50_goprovrJul24shuffle1_1030000.h5;standing;34100;58440
877_1000ms_gopro_cut_day2DLC_resnet50_goprovrJul24shuffle1_1030000.h5;walking;58440;58770
877_1000ms_gopro_cut_day2DLC_resnet50_goprovrJul24shuffle1_1030000.h5;standing;58770;72045
877_control2_gopro_cut_day4DLC_resnet50_goprovrJul24shuffle1_1030000.h5;standing;0;68
877_control2_gopro_cut_day4DLC_resnet50_goprovrJul24shuffle1_1030000.h5;eating;68;10986
877_control2_gopro_cut_day4DLC_resnet50_goprovrJul24shuffle1_1030000.h5;eating;11020;29728
877_control2_gopro_cut_day4DLC_resnet50_goprovrJul24shuffle1_1030000.h5;standing;29728;30050
877_control2_gopro_cut_day4DLC_resnet50_goprovrJul24shuffle1_1030000.h5;standing;30104;30320
877_control2_gopro_cut_day4DLC_resnet50_goprovrJul24shuffle1_1030000.h5;eating;30320;31229
877_control2_gopro_cut_day4DLC_resnet50_goprovrJul24shuffle1_1030000.h5;walking;31229;31800
877_control2_gopro_cut_day4DLC_resnet50_goprovrJul24shuffle1_1030000.h5;eating;31800;31846
877_control2_gopro_cut_day4DLC_resnet50_goprovrJul24shuffle1_1030000.h5;standing;31868;32176
877_control2_gopro_cut_day4DLC_resnet50_goprovrJul24shuffle1_1030000.h5;walking;32176;32225
877_control2_gopro_cut_day4DLC_resnet50_goprovrJul24shuffle1_1030000.h5;standing;32567;32711
877_control2_gopro_cut_day4DLC_resnet50_goprovrJul24shuffle1_1030000.h5;walking;32711;32813
877_control2_gopro_cut_day4DLC_resnet50_goprovrJul24shuffle1_1030000.h5;standing;32813;33014
877_control2_gopro_cut_day4DLC_resnet50_goprovrJul24shuffle1_1030000.h5;standing;33179;33524
877_control2_gopro_cut_day4DLC_resnet50_goprovrJul24shuffle1_1030000.h5;walking;33524;33640
877_control2_gopro_cut_day4DLC_resnet50_goprovrJul24shuffle1_1030000.h5;standing;33640;33820
877_control2_gopro_cut_day4DLC_resnet50_goprovrJul24shuffle1_1030000.h5;walking;33820;34007
877_control2_gopro_cut_day4DLC_resnet50_goprovrJul24shuffle1_1030000.h5;standing;34007;34078
877_control2_gopro_cut_day4DLC_resnet50_goprovrJul24shuffle1_1030000.h5;walking;34150;34296
877_control2_gopro_cut_day4DLC_resnet50_goprovrJul24shuffle1_1030000.h5;standing;34296;34350
877_control2_gopro_cut_day4DLC_resnet50_goprovrJul24shuffle1_1030000.h5;walking;34412;34753
877_control2_gopro_cut_day4DLC_resnet50_goprovrJul24shuffle1_1030000.h5;eating;34753;36900
877_control2_gopro_cut_day4DLC_resnet50_goprovrJul24shuffle1_1030000.h5;walking;36558;37178
877_control2_gopro_cut_day4DLC_resnet50_goprovrJul24shuffle1_1030000.h5;eating;37178;39610
877_control2_gopro_cut_day4DLC_resnet50_goprovrJul24shuffle1_1030000.h5;walking;39610;39660
877_control2_gopro_cut_day4DLC_resnet50_goprovrJul24shuffle1_1030000.h5;walking;39711;39953
877_control2_gopro_cut_day4DLC_resnet50_goprovrJul24shuffle1_1030000.h5;standing;39953;40062
877_control2_gopro_cut_day4DLC_resnet50_goprovrJul24shuffle1_1030000.h5;walking;40062;40361
877_control2_gopro_cut_day4DLC_resnet50_goprovrJul24shuffle1_1030000.h5;eating;40361;40979
877_control2_gopro_cut_day4DLC_resnet50_goprovrJul24shuffle1_1030000.h5;standing;40979;41473
877_control2_gopro_cut_day4DLC_resnet50_goprovrJul24shuffle1_1030000.h5;walking;41473;41655
877_control2_gopro_cut_day4DLC_resnet50_goprovrJul24shuffle1_1030000.h5;standing;42478;42548
877_control2_gopro_cut_day4DLC_resnet50_goprovrJul24shuffle1_1030000.h5;standing;42600;42765
877_control2_gopro_cut_day4DLC_resnet50_goprovrJul24shuffle1_1030000.h5;standing;42808;42870
877_control2_gopro_cut_day4DLC_resnet50_goprovrJul24shuffle1_1030000.h5;walking;42870;42966
877_control2_gopro_cut_day4DLC_resnet50_goprovrJul24shuffle1_1030000.h5;eating;42966;43009
877_control2_gopro_cut_day4DLC_resnet50_goprovrJul24shuffle1_1030000.h5;standing;43009;43770
877_control2_gopro_cut_day4DLC_resnet50_goprovrJul24shuffle1_1030000.h5;walking;43770;43955
877_control2_gopro_cut_day4DLC_resnet50_goprovrJul24shuffle1_1030000.h5;standing;43955;44050
877_control2_gopro_cut_day4DLC_resnet50_goprovrJul24shuffle1_1030000.h5;walking;44150;44360
877_control2_gopro_cut_day4DLC_resnet50_goprovrJul24shuffle1_1030000.h5;standing;44360;44580
877_control2_gopro_cut_day4DLC_resnet50_goprovrJul24shuffle1_1030000.h5;walking;44580;44775
877_control2_gopro_cut_day4DLC_resnet50_goprovrJul24shuffle1_1030000.h5;standing;44775;49430
877_control2_gopro_cut_day4DLC_resnet50_goprovrJul24shuffle1_1030000.h5;walking;49430;49555
877_control2_gopro_cut_day4DLC_resnet50_goprovrJul24shuffle1_1030000.h5;walking;49597;49805
877_control2_gopro_cut_day4DLC_resnet50_goprovrJul24shuffle1_1030000.h5;standing;49805;50532
877_control2_gopro_cut_day4DLC_resnet50_goprovrJul24shuffle1_1030000.h5;walking;50532;50850
877_control2_gopro_cut_day4DLC_resnet50_goprovrJul24shuffle1_1030000.h5;standing;50850;57106
877_control2_gopro_cut_day4DLC_resnet50_goprovrJul24shuffle1_1030000.h5;standing;57148;71926
239_control2_gopro_cut_day4DLC_resnet50_goprovrJul24shuffle1_1030000.h5;standing;0;40
239_control2_gopro_cut_day4DLC_resnet50_goprovrJul24shuffle1_1030000.h5;eating;40;36400
239_control2_gopro_cut_day4DLC_resnet50_goprovrJul24shuffle1_1030000.h5;standing;36400;36494
239_control2_gopro_cut_day4DLC_resnet50_goprovrJul24shuffle1_1030000.h5;eating;36494;37845
239_control2_gopro_cut_day4DLC_resnet50_goprovrJul24shuffle1_1030000.h5;walking;37845;37962
239_control2_gopro_cut_day4DLC_resnet50_goprovrJul24shuffle1_1030000.h5;standing;37962;38641
239_control2_gopro_cut_day4DLC_resnet50_goprovrJul24shuffle1_1030000.h5;walking;38641;39100
239_control2_gopro_cut_day4DLC_resnet50_goprovrJul24shuffle1_1030000.h5;standing;39100;39428
239_control2_gopro_cut_day4DLC_resnet50_goprovrJul24shuffle1_1030000.h5;standing;39428;39600
239_control2_gopro_cut_day4DLC_resnet50_goprovrJul24shuffle1_1030000.h5;standing;39727;39771
239_control2_gopro_cut_day4DLC_resnet50_goprovrJul24shuffle1_1030000.h5;standing;39895;40000
239_control2_gopro_cut_day4DLC_resnet50_goprovrJul24shuffle1_1030000.h5;walking;40000;40188
239_control2_gopro_cut_day4DLC_resnet50_goprovrJul24shuffle1_1030000.h5;standing;40188;40645
239_control2_gopro_cut_day4DLC_resnet50_goprovrJul24shuffle1_1030000.h5;walking;40645;40950
239_control2_gopro_cut_day4DLC_resnet50_goprovrJul24shuffle1_1030000.h5;standing;40950;41160
239_control2_gopro_cut_day4DLC_resnet50_goprovrJul24shuffle1_1030000.h5;eating;41160;42925
239_control2_gopro_cut_day4DLC_resnet50_goprovrJul24shuffle1_1030000.h5;walking;42925;43065
239_control2_gopro_cut_day4DLC_resnet50_goprovrJul24shuffle1_1030000.h5;standing;43065;43400
239_control2_gopro_cut_day4DLC_resnet50_goprovrJul24shuffle1_1030000.h5;walking;43400;43983
239_control2_gopro_cut_day4DLC_resnet50_goprovrJul24shuffle1_1030000.h5;eating;43983;44810
239_control2_gopro_cut_day4DLC_resnet50_goprovrJul24shuffle1_1030000.h5;standing;44810;44930
239_control2_gopro_cut_day4DLC_resnet50_goprovrJul24shuffle1_1030000.h5;walking;44930;45359
239_control2_gopro_cut_day4DLC_resnet50_goprovrJul24shuffle1_1030000.h5;standing;45359;45323
239_control2_gopro_cut_day4DLC_resnet50_goprovrJul24shuffle1_1030000.h5;standing;45427;45664
239_control2_gopro_cut_day4DLC_resnet50_goprovrJul24shuffle1_1030000.h5;standing;45727;46560
239_control2_gopro_cut_day4DLC_resnet50_goprovrJul24shuffle1_1030000.h5;standing;46657;47204
239_control2_gopro_cut_day4DLC_resnet50_goprovrJul24shuffle1_1030000.h5;standing;47356;47655
239_control2_gopro_cut_day4DLC_resnet50_goprovrJul24shuffle1_1030000.h5;standing;48047;48279
239_control2_gopro_cut_day4DLC_resnet50_goprovrJul24shuffle1_1030000.h5;standing;48604;50307
239_control2_gopro_cut_day4DLC_resnet50_goprovrJul24shuffle1_1030000.h5;walking;50307;50429
239_control2_gopro_cut_day4DLC_resnet50_goprovrJul24shuffle1_1030000.h5;standing;50429;54940
239_control2_gopro_cut_day4DLC_resnet50_goprovrJul24shuffle1_1030000.h5;standing;54980;71926
877_monhab_gopro_cut_day2DLC_resnet50_goprovrJul24shuffle1_1030000.h5;standing;0;57
877_monhab_gopro_cut_day2DLC_resnet50_goprovrJul24shuffle1_1030000.h5;eating;57;2204
877_monhab_gopro_cut_day2DLC_resnet50_goprovrJul24shuffle1_1030000.h5;standing;2204;2282
877_monhab_gopro_cut_day2DLC_resnet50_goprovrJul24shuffle1_1030000.h5;eating;2282;20465
877_monhab_gopro_cut_day2DLC_resnet50_goprovrJul24shuffle1_1030000.h5;standing;20465;
877_monhab_gopro_cut_day2DLC_resnet50_goprovrJul24shuffle1_1030000.h5;standing;20783;20838
877_monhab_gopro_cut_day2DLC_resnet50_goprovrJul24shuffle1_1030000.h5;standing;20980;21050
877_monhab_gopro_cut_day2DLC_resnet50_goprovrJul24shuffle1_1030000.h5;standing;21104;21235
877_monhab_gopro_cut_day2DLC_resnet50_goprovrJul24shuffle1_1030000.h5;eating;21235;25266
877_monhab_gopro_cut_day2DLC_resnet50_goprovrJul24shuffle1_1030000.h5;standing;25330;25679
877_monhab_gopro_cut_day2DLC_resnet50_goprovrJul24shuffle1_1030000.h5;standing;25728;25770
877_monhab_gopro_cut_day2DLC_resnet50_goprovrJul24shuffle1_1030000.h5;eating;25770;26800
877_monhab_gopro_cut_day2DLC_resnet50_goprovrJul24shuffle1_1030000.h5;standing;26800;27120
877_monhab_gopro_cut_day2DLC_resnet50_goprovrJul24shuffle1_1030000.h5;eating;27120;28624
877_monhab_gopro_cut_day2DLC_resnet50_goprovrJul24shuffle1_1030000.h5;standing;28624;28820
877_monhab_gopro_cut_day2DLC_resnet50_goprovrJul24shuffle1_1030000.h5;standing;28858;28950
877_monhab_gopro_cut_day2DLC_resnet50_goprovrJul24shuffle1_1030000.h5;eating;28950;31395
877_monhab_gopro_cut_day2DLC_resnet50_goprovrJul24shuffle1_1030000.h5;standing;31395;31621
877_monhab_gopro_cut_day2DLC_resnet50_goprovrJul24shuffle1_1030000.h5;walking;31621;31700
877_monhab_gopro_cut_day2DLC_resnet50_goprovrJul24shuffle1_1030000.h5;standing;31700;31804
877_monhab_gopro_cut_day2DLC_resnet50_goprovrJul24shuffle1_1030000.h5;walking;31804;31897
877_monhab_gopro_cut_day2DLC_resnet50_goprovrJul24shuffle1_1030000.h5;eating;31897;31950
877_monhab_gopro_cut_day2DLC_resnet50_goprovrJul24shuffle1_1030000.h5;standing;31950;32240
877_monhab_gopro_cut_day2DLC_resnet50_goprovrJul24shuffle1_1030000.h5;walking;32240;32501
877_monhab_gopro_cut_day2DLC_resnet50_goprovrJul24shuffle1_1030000.h5;walking;32700;32775
877_monhab_gopro_cut_day2DLC_resnet50_goprovrJul24shuffle1_1030000.h5;walking;32830;33055
877_monhab_gopro_cut_day2DLC_resnet50_goprovrJul24shuffle1_1030000.h5;eating;33055;33772
877_monhab_gopro_cut_day2DLC_resnet50_goprovrJul24shuffle1_1030000.h5;walking;33772;33890
877_monhab_gopro_cut_day2DLC_resnet50_goprovrJul24shuffle1_1030000.h5;walking;34286;34376
877_monhab_gopro_cut_day2DLC_resnet50_goprovrJul24shuffle1_1030000.h5;standing;34376;34625
877_monhab_gopro_cut_day2DLC_resnet50_goprovrJul24shuffle1_1030000.h5;walking;34625;34852
877_monhab_gopro_cut_day2DLC_resnet50_goprovrJul24shuffle1_1030000.h5;standing;34852;34893
877_monhab_gopro_cut_day2DLC_resnet50_goprovrJul24shuffle1_1030000.h5;eating;34893;35600
877_monhab_gopro_cut_day2DLC_resnet50_goprovrJul24shuffle1_1030000.h5;standing;35600;35781
877_monhab_gopro_cut_day2DLC_resnet50_goprovrJul24shuffle1_1030000.h5;walking;35781;35886
877_monhab_gopro_cut_day2DLC_resnet50_goprovrJul24shuffle1_1030000.h5;standing;35886;36295
877_monhab_gopro_cut_day2DLC_resnet50_goprovrJul24shuffle1_1030000.h5;walking;36295;36464
877_monhab_gopro_cut_day2DLC_resnet50_goprovrJul24shuffle1_1030000.h5;standing;36464;37910
877_monhab_gopro_cut_day2DLC_resnet50_goprovrJul24shuffle1_1030000.h5;standing;38160;38820
877_monhab_gopro_cut_day2DLC_resnet50_goprovrJul24shuffle1_1030000.h5;walking;38820;39373
877_monhab_gopro_cut_day2DLC_resnet50_goprovrJul24shuffle1_1030000.h5;standing;39373;43345
877_monhab_gopro_cut_day2DLC_resnet50_goprovrJul24shuffle1_1030000.h5;standing;43394;48945
877_monhab_gopro_cut_day2DLC_resnet50_goprovrJul24shuffle1_1030000.h5;standing;49275;49608
877_monhab_gopro_cut_day2DLC_resnet50_goprovrJul24shuffle1_1030000.h5;standing;49672;56952
877_monhab_gopro_cut_day2DLC_resnet50_goprovrJul24shuffle1_1030000.h5;walking;56952;57094
877_monhab_gopro_cut_day2DLC_resnet50_goprovrJul24shuffle1_1030000.h5;standing;57094;62890
877_monhab_gopro_cut_day2DLC_resnet50_goprovrJul24shuffle1_1030000.h5;standing;63116;63835
877_monhab_gopro_cut_day2DLC_resnet50_goprovrJul24shuffle1_1030000.h5;standing;63876;71923
233_monhab_gopro_cut_day3-011DLC_resnet50_goprovrJul24shuffle1_1030000.h5;standing;0;1450
233_monhab_gopro_cut_day3-011DLC_resnet50_goprovrJul24shuffle1_1030000.h5;walking;1450;1545
233_monhab_gopro_cut_day3-011DLC_resnet50_goprovrJul24shuffle1_1030000.h5;eating;1545;4100
233_monhab_gopro_cut_day3-011DLC_resnet50_goprovrJul24shuffle1_1030000.h5;standing;4100;4210
233_monhab_gopro_cut_day3-011DLC_resnet50_goprovrJul24shuffle1_1030000.h5;eating;4210;6029
233_monhab_gopro_cut_day3-011DLC_resnet50_goprovrJul24shuffle1_1030000.h5;standing;6029;6457
233_monhab_gopro_cut_day3-011DLC_resnet50_goprovrJul24shuffle1_1030000.h5;eating;6457;8437
233_monhab_gopro_cut_day3-011DLC_resnet50_goprovrJul24shuffle1_1030000.h5;standing;8437;8529
233_monhab_gopro_cut_day3-011DLC_resnet50_goprovrJul24shuffle1_1030000.h5;eating;8529;12006
233_monhab_gopro_cut_day3-011DLC_resnet50_goprovrJul24shuffle1_1030000.h5;standing;12006;12150
233_monhab_gopro_cut_day3-011DLC_resnet50_goprovrJul24shuffle1_1030000.h5;eating;12150;14205
233_monhab_gopro_cut_day3-011DLC_resnet50_goprovrJul24shuffle1_1030000.h5;standing;14205;14350
233_monhab_gopro_cut_day3-011DLC_resnet50_goprovrJul24shuffle1_1030000.h5;eating;14350;14826
233_monhab_gopro_cut_day3-011DLC_resnet50_goprovrJul24shuffle1_1030000.h5;standing;14826;14970
233_monhab_gopro_cut_day3-011DLC_resnet50_goprovrJul24shuffle1_1030000.h5;eating;14970;17790
233_monhab_gopro_cut_day3-011DLC_resnet50_goprovrJul24shuffle1_1030000.h5;standing;17790;18211
233_monhab_gopro_cut_day3-011DLC_resnet50_goprovrJul24shuffle1_1030000.h5;eating;18211;25200
233_monhab_gopro_cut_day3-011DLC_resnet50_goprovrJul24shuffle1_1030000.h5;standing;25200;25780
233_monhab_gopro_cut_day3-011DLC_resnet50_goprovrJul24shuffle1_1030000.h5;eating;25780;34360
233_monhab_gopro_cut_day3-011DLC_resnet50_goprovrJul24shuffle1_1030000.h5;standing;34360;35484
233_monhab_gopro_cut_day3-011DLC_resnet50_goprovrJul24shuffle1_1030000.h5;walking;35484;35813
233_monhab_gopro_cut_day3-011DLC_resnet50_goprovrJul24shuffle1_1030000.h5;eating;35813;36162
233_monhab_gopro_cut_day3-011DLC_resnet50_goprovrJul24shuffle1_1030000.h5;standing;36162;36304
233_monhab_gopro_cut_day3-011DLC_resnet50_goprovrJul24shuffle1_1030000.h5;eating;36304;36822
233_monhab_gopro_cut_day3-011DLC_resnet50_goprovrJul24shuffle1_1030000.h5;standing;36822;37378
233_monhab_gopro_cut_day3-011DLC_resnet50_goprovrJul24shuffle1_1030000.h5;standing;37300;37604
233_monhab_gopro_cut_day3-011DLC_resnet50_goprovrJul24shuffle1_1030000.h5;walking;37604;37785
233_monhab_gopro_cut_day3-011DLC_resnet50_goprovrJul24shuffle1_1030000.h5;standing;37785;37955
233_monhab_gopro_cut_day3-011DLC_resnet50_goprovrJul24shuffle1_1030000.h5;standing;38017;38145
233_monhab_gopro_cut_day3-011DLC_resnet50_goprovrJul24shuffle1_1030000.h5;standing;38268;38445
233_monhab_gopro_cut_day3-011DLC_resnet50_goprovrJul24shuffle1_1030000.h5;standing;38552;38686
233_monhab_gopro_cut_day3-011DLC_resnet50_goprovrJul24shuffle1_1030000.h5;standing;38805;38858
233_monhab_gopro_cut_day3-011DLC_resnet50_goprovrJul24shuffle1_1030000.h5;standing;38892;38993
233_monhab_gopro_cut_day3-011DLC_resnet50_goprovrJul24shuffle1_1030000.h5;standing;39103;41407
233_monhab_gopro_cut_day3-011DLC_resnet50_goprovrJul24shuffle1_1030000.h5;standing;41468;41800
233_monhab_gopro_cut_day3-011DLC_resnet50_goprovrJul24shuffle1_1030000.h5;standing;41904;42005
233_monhab_gopro_cut_day3-011DLC_resnet50_goprovrJul24shuffle1_1030000.h5;eating;42005;42300
233_monhab_gopro_cut_day3-011DLC_resnet50_goprovrJul24shuffle1_1030000.h5;standing;42300;42411
233_monhab_gopro_cut_day3-011DLC_resnet50_goprovrJul24shuffle1_1030000.h5;standing;42715;43148
233_monhab_gopro_cut_day3-011DLC_resnet50_goprovrJul24shuffle1_1030000.h5;standing;43268;43414
233_monhab_gopro_cut_day3-011DLC_resnet50_goprovrJul24shuffle1_1030000.h5;standing;43700;43842
233_monhab_gopro_cut_day3-011DLC_resnet50_goprovrJul24shuffle1_1030000.h5;standing;44035;44390
233_monhab_gopro_cut_day3-011DLC_resnet50_goprovrJul24shuffle1_1030000.h5;standing;44949;45203
233_monhab_gopro_cut_day3-011DLC_resnet50_goprovrJul24shuffle1_1030000.h5;standing;45524;45762
233_monhab_gopro_cut_day3-011DLC_resnet50_goprovrJul24shuffle1_1030000.h5;walking;45762;46057
233_monhab_gopro_cut_day3-011DLC_resnet50_goprovrJul24shuffle1_1030000.h5;standing;46057;46291
233_monhab_gopro_cut_day3-011DLC_resnet50_goprovrJul24shuffle1_1030000.h5;walking;46291;46510
233_monhab_gopro_cut_day3-011DLC_resnet50_goprovrJul24shuffle1_1030000.h5;standing;46510;47115
233_monhab_gopro_cut_day3-011DLC_resnet50_goprovrJul24shuffle1_1030000.h5;walking;47115;47190
233_monhab_gopro_cut_day3-011DLC_resnet50_goprovrJul24shuffle1_1030000.h5;standing;47190;48900
233_monhab_gopro_cut_day3-011DLC_resnet50_goprovrJul24shuffle1_1030000.h5;standing;49864;49990
233_monhab_gopro_cut_day3-011DLC_resnet50_goprovrJul24shuffle1_1030000.h5;standing;50152;50145
233_monhab_gopro_cut_day3-011DLC_resnet50_goprovrJul24shuffle1_1030000.h5;standing;50518;50581
233_monhab_gopro_cut_day3-011DLC_resnet50_goprovrJul24shuffle1_1030000.h5;standing;50622;50805
233_monhab_gopro_cut_day3-011DLC_resnet50_goprovrJul24shuffle1_1030000.h5;standing;51045;51264
233_monhab_gopro_cut_day3-011DLC_resnet50_goprovrJul24shuffle1_1030000.h5;walking;51264;51363
233_monhab_gopro_cut_day3-011DLC_resnet50_goprovrJul24shuffle1_1030000.h5;standing;51363;51425
233_monhab_gopro_cut_day3-011DLC_resnet50_goprovrJul24shuffle1_1030000.h5;eating;51425;52466
233_monhab_gopro_cut_day3-011DLC_resnet50_goprovrJul24shuffle1_1030000.h5;standing;52466;52760
233_monhab_gopro_cut_day3-011DLC_resnet50_goprovrJul24shuffle1_1030000.h5;walking;52760;52860
233_monhab_gopro_cut_day3-011DLC_resnet50_goprovrJul24shuffle1_1030000.h5;standing;52860;66960
233_monhab_gopro_cut_day3-011DLC_resnet50_goprovrJul24shuffle1_1030000.h5;standing;66989;71925
251_monhab_gopro_cut_day1DLC_resnet50_goprovrJul24shuffle1_1030000.h5;standing;0;19
251_monhab_gopro_cut_day1DLC_resnet50_goprovrJul24shuffle1_1030000.h5;walking;19;97
251_monhab_gopro_cut_day1DLC_resnet50_goprovrJul24shuffle1_1030000.h5;eating;97;25300
251_monhab_gopro_cut_day1DLC_resnet50_goprovrJul24shuffle1_1030000.h5;eating;26956;39027
251_monhab_gopro_cut_day1DLC_resnet50_goprovrJul24shuffle1_1030000.h5;standing;39027;39129
251_monhab_gopro_cut_day1DLC_resnet50_goprovrJul24shuffle1_1030000.h5;eating;39129;40288
251_monhab_gopro_cut_day1DLC_resnet50_goprovrJul24shuffle1_1030000.h5;standing;42483;42614
251_monhab_gopro_cut_day1DLC_resnet50_goprovrJul24shuffle1_1030000.h5;eating;42614;43784
251_monhab_gopro_cut_day1DLC_resnet50_goprovrJul24shuffle1_1030000.h5;eating;44934;45520
251_monhab_gopro_cut_day1DLC_resnet50_goprovrJul24shuffle1_1030000.h5;walking;49025;49190
251_monhab_gopro_cut_day1DLC_resnet50_goprovrJul24shuffle1_1030000.h5;walking;50724;50880
251_monhab_gopro_cut_day1DLC_resnet50_goprovrJul24shuffle1_1030000.h5;standing;50880;51807
251_monhab_gopro_cut_day1DLC_resnet50_goprovrJul24shuffle1_1030000.h5;standing;51839;58880
251_monhab_gopro_cut_day1DLC_resnet50_goprovrJul24shuffle1_1030000.h5;standing;59330;59405
251_monhab_gopro_cut_day1DLC_resnet50_goprovrJul24shuffle1_1030000.h5;walking;59405;59579
251_monhab_gopro_cut_day1DLC_resnet50_goprovrJul24shuffle1_1030000.h5;standing;59579;59691
251_monhab_gopro_cut_day1DLC_resnet50_goprovrJul24shuffle1_1030000.h5;eating;59691;60038
251_monhab_gopro_cut_day1DLC_resnet50_goprovrJul24shuffle1_1030000.h5;standing;60038;60400
251_monhab_gopro_cut_day1DLC_resnet50_goprovrJul24shuffle1_1030000.h5;walking;60400;60860
251_monhab_gopro_cut_day1DLC_resnet50_goprovrJul24shuffle1_1030000.h5;standing;60860;61127
251_monhab_gopro_cut_day1DLC_resnet50_goprovrJul24shuffle1_1030000.h5;standing;61290;62166
251_monhab_gopro_cut_day1DLC_resnet50_goprovrJul24shuffle1_1030000.h5;standing;62239;63227
251_monhab_gopro_cut_day1DLC_resnet50_goprovrJul24shuffle1_1030000.h5;walking;63227;63340
251_monhab_gopro_cut_day1DLC_resnet50_goprovrJul24shuffle1_1030000.h5;standing;63340;64873
251_monhab_gopro_cut_day1DLC_resnet50_goprovrJul24shuffle1_1030000.h5;standing;64981;68162
251_monhab_gopro_cut_day1DLC_resnet50_goprovrJul24shuffle1_1030000.h5;standing;68360;68450
251_monhab_gopro_cut_day1DLC_resnet50_goprovrJul24shuffle1_1030000.h5;walking;68450;68717
251_monhab_gopro_cut_day1DLC_resnet50_goprovrJul24shuffle1_1030000.h5;eating;68717;69186
251_monhab_gopro_cut_day1DLC_resnet50_goprovrJul24shuffle1_1030000.h5;standing;69186;69270
251_monhab_gopro_cut_day1DLC_resnet50_goprovrJul24shuffle1_1030000.h5;walking;69270;69530
251_monhab_gopro_cut_day1DLC_resnet50_goprovrJul24shuffle1_1030000.h5;standing;69530;69630
251_monhab_gopro_cut_day1DLC_resnet50_goprovrJul24shuffle1_1030000.h5;walking;69630;69719
251_monhab_gopro_cut_day1DLC_resnet50_goprovrJul24shuffle1_1030000.h5;standing;69719;71924
251_control2_gopro_cut_day1DLC_resnet50_goprovrJul24shuffle1_1030000.h5;eating;0;12977
251_control2_gopro_cut_day1DLC_resnet50_goprovrJul24shuffle1_1030000.h5;eating;13041;23344
251_control2_gopro_cut_day1DLC_resnet50_goprovrJul24shuffle1_1030000.h5;standing;23344;23610
251_control2_gopro_cut_day1DLC_resnet50_goprovrJul24shuffle1_1030000.h5;eating;23610;29614
251_control2_gopro_cut_day1DLC_resnet50_goprovrJul24shuffle1_1030000.h5;standing;29614;29780
251_control2_gopro_cut_day1DLC_resnet50_goprovrJul24shuffle1_1030000.h5;walking;31866;31951
251_control2_gopro_cut_day1DLC_resnet50_goprovrJul24shuffle1_1030000.h5;eating;31951;32324
251_control2_gopro_cut_day1DLC_resnet50_goprovrJul24shuffle1_1030000.h5;walking;32855;32945
251_control2_gopro_cut_day1DLC_resnet50_goprovrJul24shuffle1_1030000.h5;standing;33183;33202
251_control2_gopro_cut_day1DLC_resnet50_goprovrJul24shuffle1_1030000.h5;standing;33558;33575
251_control2_gopro_cut_day1DLC_resnet50_goprovrJul24shuffle1_1030000.h5;standing;33652;33695
251_control2_gopro_cut_day1DLC_resnet50_goprovrJul24shuffle1_1030000.h5;standing;34460;34633
251_control2_gopro_cut_day1DLC_resnet50_goprovrJul24shuffle1_1030000.h5;eating;34633;34869
251_control2_gopro_cut_day1DLC_resnet50_goprovrJul24shuffle1_1030000.h5;standing;38118;38190
251_control2_gopro_cut_day1DLC_resnet50_goprovrJul24shuffle1_1030000.h5;standing;38297;38395
251_control2_gopro_cut_day1DLC_resnet50_goprovrJul24shuffle1_1030000.h5;standing;39400;39950
251_control2_gopro_cut_day1DLC_resnet50_goprovrJul24shuffle1_1030000.h5;standing;43300;46274
251_control2_gopro_cut_day1DLC_resnet50_goprovrJul24shuffle1_1030000.h5;standing;46304;71925
877_500ms_gopro_cut_day1DLC_resnet50_goprovrJul24shuffle1_1030000.h5;standing;0;70
877_500ms_gopro_cut_day1DLC_resnet50_goprovrJul24shuffle1_1030000.h5;eating;70;4391
877_500ms_gopro_cut_day1DLC_resnet50_goprovrJul24shuffle1_1030000.h5;eating;4452;8158
877_500ms_gopro_cut_day1DLC_resnet50_goprovrJul24shuffle1_1030000.h5;standing;8158;8216
877_500ms_gopro_cut_day1DLC_resnet50_goprovrJul24shuffle1_1030000.h5;eating;8216;11901
877_500ms_gopro_cut_day1DLC_resnet50_goprovrJul24shuffle1_1030000.h5;standing;11901;12050
877_500ms_gopro_cut_day1DLC_resnet50_goprovrJul24shuffle1_1030000.h5;eating;12050;22808
877_500ms_gopro_cut_day1DLC_resnet50_goprovrJul24shuffle1_1030000.h5;standing;22808;22900
877_500ms_gopro_cut_day1DLC_resnet50_goprovrJul24shuffle1_1030000.h5;standing;22954;23242
877_500ms_gopro_cut_day1DLC_resnet50_goprovrJul24shuffle1_1030000.h5;standing;23320;23948
877_500ms_gopro_cut_day1DLC_resnet50_goprovrJul24shuffle1_1030000.h5;standing;23997;24045
877_500ms_gopro_cut_day1DLC_resnet50_goprovrJul24shuffle1_1030000.h5;eating;24045;26696
877_500ms_gopro_cut_day1DLC_resnet50_goprovrJul24shuffle1_1030000.h5;standing;26696;27150
877_500ms_gopro_cut_day1DLC_resnet50_goprovrJul24shuffle1_1030000.h5;standing;27336;27554
877_500ms_gopro_cut_day1DLC_resnet50_goprovrJul24shuffle1_1030000.h5;walking;27825;27912
877_500ms_gopro_cut_day1DLC_resnet50_goprovrJul24shuffle1_1030000.h5;standing;27979;30209
877_500ms_gopro_cut_day1DLC_resnet50_goprovrJul24shuffle1_1030000.h5;walking;30275;30637
877_500ms_gopro_cut_day1DLC_resnet50_goprovrJul24shuffle1_1030000.h5;eating;30637;30855
877_500ms_gopro_cut_day1DLC_resnet50_goprovrJul24shuffle1_1030000.h5;standing;30855;31065
877_500ms_gopro_cut_day1DLC_resnet50_goprovrJul24shuffle1_1030000.h5;walking;31065;31230
877_500ms_gopro_cut_day1DLC_resnet50_goprovrJul24shuffle1_1030000.h5;standing;31230;31430
877_500ms_gopro_cut_day1DLC_resnet50_goprovrJul24shuffle1_1030000.h5;standing;31590;31627
877_500ms_gopro_cut_day1DLC_resnet50_goprovrJul24shuffle1_1030000.h5;walking;31627;31910
877_500ms_gopro_cut_day1DLC_resnet50_goprovrJul24shuffle1_1030000.h5;standing;31910;32578
877_500ms_gopro_cut_day1DLC_resnet50_goprovrJul24shuffle1_1030000.h5;walking;32578;33350
877_500ms_gopro_cut_day1DLC_resnet50_goprovrJul24shuffle1_1030000.h5;standing;33350;34964
877_500ms_gopro_cut_day1DLC_resnet50_goprovrJul24shuffle1_1030000.h5;standing;35330;35456
877_500ms_gopro_cut_day1DLC_resnet50_goprovrJul24shuffle1_1030000.h5;walking;35456;35906
877_500ms_gopro_cut_day1DLC_resnet50_goprovrJul24shuffle1_1030000.h5;standing;35906;36674
877_500ms_gopro_cut_day1DLC_resnet50_goprovrJul24shuffle1_1030000.h5;walking;36674;37050
877_500ms_gopro_cut_day1DLC_resnet50_goprovrJul24shuffle1_1030000.h5;standing;37050;37115
877_500ms_gopro_cut_day1DLC_resnet50_goprovrJul24shuffle1_1030000.h5;eating;37115;37414
877_500ms_gopro_cut_day1DLC_resnet50_goprovrJul24shuffle1_1030000.h5;standing;37414;37553
877_500ms_gopro_cut_day1DLC_resnet50_goprovrJul24shuffle1_1030000.h5;eating;37553;38149
877_500ms_gopro_cut_day1DLC_resnet50_goprovrJul24shuffle1_1030000.h5;standing;38149;38520
877_500ms_gopro_cut_day1DLC_resnet50_goprovrJul24shuffle1_1030000.h5;eating;38520;38961
877_500ms_gopro_cut_day1DLC_resnet50_goprovrJul24shuffle1_1030000.h5;standing;38961;39097
877_500ms_gopro_cut_day1DLC_resnet50_goprovrJul24shuffle1_1030000.h5;eating;39097;39487
877_500ms_gopro_cut_day1DLC_resnet50_goprovrJul24shuffle1_1030000.h5;walking;39487;39822
877_500ms_gopro_cut_day1DLC_resnet50_goprovrJul24shuffle1_1030000.h5;standing;39822;40223
877_500ms_gopro_cut_day1DLC_resnet50_goprovrJul24shuffle1_1030000.h5;walking;40223;40422
877_500ms_gopro_cut_day1DLC_resnet50_goprovrJul24shuffle1_1030000.h5;walking;40675;40700
877_500ms_gopro_cut_day1DLC_resnet50_goprovrJul24shuffle1_1030000.h5;standing;40700;44940
877_500ms_gopro_cut_day1DLC_resnet50_goprovrJul24shuffle1_1030000.h5;standing;45421;45595
877_500ms_gopro_cut_day1DLC_resnet50_goprovrJul24shuffle1_1030000.h5;walking;45595;45945
877_500ms_gopro_cut_day1DLC_resnet50_goprovrJul24shuffle1_1030000.h5;standing;45945;50574
877_500ms_gopro_cut_day1DLC_resnet50_goprovrJul24shuffle1_1030000.h5;walking;50574;50904
877_500ms_gopro_cut_day1DLC_resnet50_goprovrJul24shuffle1_1030000.h5;standing;50904;69365
877_500ms_gopro_cut_day1DLC_resnet50_goprovrJul24shuffle1_1030000.h5;standing;69414;71925
877_100ms_gopro_cut_day3DLC_resnet50_goprovrJul24shuffle1_1030000.h5;eating;0;170
877_100ms_gopro_cut_day3DLC_resnet50_goprovrJul24shuffle1_1030000.h5;standing;170;625
877_100ms_gopro_cut_day3DLC_resnet50_goprovrJul24shuffle1_1030000.h5;eating;625;22136
877_100ms_gopro_cut_day3DLC_resnet50_goprovrJul24shuffle1_1030000.h5;standing;22163;22388
877_100ms_gopro_cut_day3DLC_resnet50_goprovrJul24shuffle1_1030000.h5;standing;22442;22713
877_100ms_gopro_cut_day3DLC_resnet50_goprovrJul24shuffle1_1030000.h5;eating;22713;22828
877_100ms_gopro_cut_day3DLC_resnet50_goprovrJul24shuffle1_1030000.h5;eating;22876;23450
877_100ms_gopro_cut_day3DLC_resnet50_goprovrJul24shuffle1_1030000.h5;standing;23450;23686
877_100ms_gopro_cut_day3DLC_resnet50_goprovrJul24shuffle1_1030000.h5;eating;23686;24307
877_100ms_gopro_cut_day3DLC_resnet50_goprovrJul24shuffle1_1030000.h5;standing;24307;24329
877_100ms_gopro_cut_day3DLC_resnet50_goprovrJul24shuffle1_1030000.h5;standing;24357;24588
877_100ms_gopro_cut_day3DLC_resnet50_goprovrJul24shuffle1_1030000.h5;walking;24588;24660
877_100ms_gopro_cut_day3DLC_resnet50_goprovrJul24shuffle1_1030000.h5;eating;24850;25706
877_100ms_gopro_cut_day3DLC_resnet50_goprovrJul24shuffle1_1030000.h5;standing;25706;26188
877_100ms_gopro_cut_day3DLC_resnet50_goprovrJul24shuffle1_1030000.h5;walking;26188;26274
877_100ms_gopro_cut_day3DLC_resnet50_goprovrJul24shuffle1_1030000.h5;eating;26525;26640
877_100ms_gopro_cut_day3DLC_resnet50_goprovrJul24shuffle1_1030000.h5;standing;26640;26980
877_100ms_gopro_cut_day3DLC_resnet50_goprovrJul24shuffle1_1030000.h5;walking;26980;27570
877_100ms_gopro_cut_day3DLC_resnet50_goprovrJul24shuffle1_1030000.h5;eating;27570;29028
877_100ms_gopro_cut_day3DLC_resnet50_goprovrJul24shuffle1_1030000.h5;standing;29028;29216
877_100ms_gopro_cut_day3DLC_resnet50_goprovrJul24shuffle1_1030000.h5;walking;29216;29315
877_100ms_gopro_cut_day3DLC_resnet50_goprovrJul24shuffle1_1030000.h5;standing;29315;29405
877_100ms_gopro_cut_day3DLC_resnet50_goprovrJul24shuffle1_1030000.h5;standing;29470;29578
877_100ms_gopro_cut_day3DLC_resnet50_goprovrJul24shuffle1_1030000.h5;walking;29578;30020
877_100ms_gopro_cut_day3DLC_resnet50_goprovrJul24shuffle1_1030000.h5;standing;30020;30453
877_100ms_gopro_cut_day3DLC_resnet50_goprovrJul24shuffle1_1030000.h5;walking;30453;30650
877_100ms_gopro_cut_day3DLC_resnet50_goprovrJul24shuffle1_1030000.h5;standing;31196;31416
877_100ms_gopro_cut_day3DLC_resnet50_goprovrJul24shuffle1_1030000.h5;walking;31416;32073
877_100ms_gopro_cut_day3DLC_resnet50_goprovrJul24shuffle1_1030000.h5;standing;32073;32321
877_100ms_gopro_cut_day3DLC_resnet50_goprovrJul24shuffle1_1030000.h5;standing;32528;32598
877_100ms_gopro_cut_day3DLC_resnet50_goprovrJul24shuffle1_1030000.h5;walking;32750;33319
877_100ms_gopro_cut_day3DLC_resnet50_goprovrJul24shuffle1_1030000.h5;standing;33319;33707
877_100ms_gopro_cut_day3DLC_resnet50_goprovrJul24shuffle1_1030000.h5;walking;33707;33816
877_100ms_gopro_cut_day3DLC_resnet50_goprovrJul24shuffle1_1030000.h5;standing;33816;34300
877_100ms_gopro_cut_day3DLC_resnet50_goprovrJul24shuffle1_1030000.h5;walking;34300;34885
877_100ms_gopro_cut_day3DLC_resnet50_goprovrJul24shuffle1_1030000.h5;standing;34885;35025
877_100ms_gopro_cut_day3DLC_resnet50_goprovrJul24shuffle1_1030000.h5;standing;35222;35275
877_100ms_gopro_cut_day3DLC_resnet50_goprovrJul24shuffle1_1030000.h5;standing;35444;35612
877_100ms_gopro_cut_day3DLC_resnet50_goprovrJul24shuffle1_1030000.h5;walking;35612;36050
877_100ms_gopro_cut_day3DLC_resnet50_goprovrJul24shuffle1_1030000.h5;eating;36050;36277
877_100ms_gopro_cut_day3DLC_resnet50_goprovrJul24shuffle1_1030000.h5;standing;36277;36375
877_100ms_gopro_cut_day3DLC_resnet50_goprovrJul24shuffle1_1030000.h5;walking;36375;36475
877_100ms_gopro_cut_day3DLC_resnet50_goprovrJul24shuffle1_1030000.h5;standing;36475;36700
877_100ms_gopro_cut_day3DLC_resnet50_goprovrJul24shuffle1_1030000.h5;walking;36700;37140
877_100ms_gopro_cut_day3DLC_resnet50_goprovrJul24shuffle1_1030000.h5;standing;37140;41216
877_100ms_gopro_cut_day3DLC_resnet50_goprovrJul24shuffle1_1030000.h5;walking;41216;41690
877_100ms_gopro_cut_day3DLC_resnet50_goprovrJul24shuffle1_1030000.h5;standing;41690;42972
877_100ms_gopro_cut_day3DLC_resnet50_goprovrJul24shuffle1_1030000.h5;standing;43135;43205
877_100ms_gopro_cut_day3DLC_resnet50_goprovrJul24shuffle1_1030000.h5;standing;43246;44976
877_100ms_gopro_cut_day3DLC_resnet50_goprovrJul24shuffle1_1030000.h5;standing;45304;45378
877_100ms_gopro_cut_day3DLC_resnet50_goprovrJul24shuffle1_1030000.h5;standing;45584;45620
877_100ms_gopro_cut_day3DLC_resnet50_goprovrJul24shuffle1_1030000.h5;walking;45620;45747
877_100ms_gopro_cut_day3DLC_resnet50_goprovrJul24shuffle1_1030000.h5;standing;46087;46362
877_100ms_gopro_cut_day3DLC_resnet50_goprovrJul24shuffle1_1030000.h5;walking;46808;46891
877_100ms_gopro_cut_day3DLC_resnet50_goprovrJul24shuffle1_1030000.h5;standing;46891;47354
877_100ms_gopro_cut_day3DLC_resnet50_goprovrJul24shuffle1_1030000.h5;walking;47354;47470
877_100ms_gopro_cut_day3DLC_resnet50_goprovrJul24shuffle1_1030000.h5;standing;47470;48166
877_100ms_gopro_cut_day3DLC_resnet50_goprovrJul24shuffle1_1030000.h5;walking;48166;48450
877_100ms_gopro_cut_day3DLC_resnet50_goprovrJul24shuffle1_1030000.h5;standing;48450;50333
877_100ms_gopro_cut_day3DLC_resnet50_goprovrJul24shuffle1_1030000.h5;walking;50333;50576
877_100ms_gopro_cut_day3DLC_resnet50_goprovrJul24shuffle1_1030000.h5;standing;50576;50923
877_100ms_gopro_cut_day3DLC_resnet50_goprovrJul24shuffle1_1030000.h5;standing;51050;51158
877_100ms_gopro_cut_day3DLC_resnet50_goprovrJul24shuffle1_1030000.h5;standing;51193;51290
877_100ms_gopro_cut_day3DLC_resnet50_goprovrJul24shuffle1_1030000.h5;standing;51425;51480
877_100ms_gopro_cut_day3DLC_resnet50_goprovrJul24shuffle1_1030000.h5;standing;51651;51704
877_100ms_gopro_cut_day3DLC_resnet50_goprovrJul24shuffle1_1030000.h5;standing;52042;52100
877_100ms_gopro_cut_day3DLC_resnet50_goprovrJul24shuffle1_1030000.h5;standing;52525;52569
877_100ms_gopro_cut_day3DLC_resnet50_goprovrJul24shuffle1_1030000.h5;standing;52745;53030
877_100ms_gopro_cut_day3DLC_resnet50_goprovrJul24shuffle1_1030000.h5;walking;53030;53279
877_100ms_gopro_cut_day3DLC_resnet50_goprovrJul24shuffle1_1030000.h5;standing;53279;53318
877_100ms_gopro_cut_day3DLC_resnet50_goprovrJul24shuffle1_1030000.h5;standing;54040;62441
877_100ms_gopro_cut_day3DLC_resnet50_goprovrJul24shuffle1_1030000.h5;standing;62657;65416
877_100ms_gopro_cut_day3DLC_resnet50_goprovrJul24shuffle1_1030000.h5;standing;65492;65568
877_100ms_gopro_cut_day3DLC_resnet50_goprovrJul24shuffle1_1030000.h5;standing;65915;67169
877_100ms_gopro_cut_day3DLC_resnet50_goprovrJul24shuffle1_1030000.h5;walking;67169;67291
877_100ms_gopro_cut_day3DLC_resnet50_goprovrJul24shuffle1_1030000.h5;standing;68033;68400
877_100ms_gopro_cut_day3DLC_resnet50_goprovrJul24shuffle1_1030000.h5;standing;69146;71926
